{
  "features": [
    "step_frac",
    "prod_share",
    "ship_share",
    "is_ahead",
    "is_2p",
    "step_mid"
  ],
  "weights": {
    "step_frac": -0.19697094800938772,
    "prod_share": -0.4870617917630903,
    "ship_share": -0.6749372478406684,
    "is_ahead": -0.13470478422637244,
    "is_2p": -0.3138816508726629,
    "step_mid": -0.36625769405027164
  },
  "weights_list": [
    -0.19697094800938772,
    -0.4870617917630903,
    -0.6749372478406684,
    -0.13470478422637244,
    -0.3138816508726629,
    -0.36625769405027164
  ],
  "bias": 1.9984701100037783,
  "accuracy": 0.8100558659217877,
  "n_samples": 537,
  "threshold": 0.55
}