{
  "feature_names": [
    "step_frac",
    "remaining_frac",
    "is_two_player",
    "is_four_player_plus",
    "is_ahead",
    "is_behind",
    "is_dominating",
    "is_finishing",
    "my_ship_share",
    "my_prod_share",
    "lead_ratio",
    "base_score_norm",
    "base_value_norm",
    "eta_norm",
    "send_norm",
    "source_count_norm",
    "needed_norm",
    "target_prod_norm",
    "target_ships_norm",
    "target_is_neutral",
    "target_is_enemy",
    "target_is_friendly",
    "mission_attack",
    "mission_expand",
    "mission_defend",
    "mission_reinforce",
    "mission_swarm",
    "mission_snipe",
    "mission_comet",
    "mission_other",
    "enemy_priority",
    "committed_load",
    "is_defer"
  ],
  "kind": "linear",
  "temperature": 1.0,
  "weights": [
    7.051664507845469e-17,
    2.4808502730843523e-15,
    2.4808502730843523e-15,
    0.0,
    8.992806499463643e-16,
    7.278737626371766e-20,
    1.0436096431476316e-15,
    7.549516567451067e-17,
    -8.709660676004925e-18,
    7.844938380393715e-17,
    1.4594866590074564e-15,
    8.866773487412292,
    3.1763637559791165,
    -0.3448028273369212,
    -1.076285405431472,
    -0.18510892590936748,
    -1.3539654516294002,
    2.8485267495375055,
    0.29646751496136353,
    0.024159097753365322,
    0.01936314673185087,
    -0.043522244485216126,
    0.7346151878742125,
    0.10639519087436337,
    0.34509881848232593,
    0.22823107747610347,
    -0.7152520411423636,
    0.0,
    -0.0822360931209984,
    -0.6168521404436427,
    0.0034853664117344366,
    -5.518852157582609e-20,
    1.5
  ]
}