{
  "feature_names": [
    "step_frac",
    "remaining_frac",
    "is_two_player",
    "is_four_player_plus",
    "is_ahead",
    "is_behind",
    "is_dominating",
    "is_finishing",
    "my_ship_share",
    "my_prod_share",
    "lead_ratio",
    "base_score_norm",
    "base_value_norm",
    "eta_norm",
    "send_norm",
    "source_count_norm",
    "needed_norm",
    "target_prod_norm",
    "target_ships_norm",
    "target_is_neutral",
    "target_is_enemy",
    "target_is_friendly",
    "mission_attack",
    "mission_expand",
    "mission_defend",
    "mission_reinforce",
    "mission_swarm",
    "mission_snipe",
    "mission_comet",
    "mission_other",
    "enemy_priority",
    "committed_load",
    "is_defer"
  ],
  "kind": "linear",
  "temperature": 1.0,
  "weights": [
    -1.1826706261037206e-17,
    7.975606635418543e-16,
    5.210204941709292e-16,
    1.9034765745103694e-16,
    8.40714172257741e-17,
    1.712339625451803e-16,
    7.155518823943213e-17,
    0.0,
    -6.555405476293437e-17,
    -7.503980781341526e-17,
    1.5580945129681014e-18,
    4.150670897618205,
    1.1730349757682543,
    -0.7851347755889183,
    -1.4610960626448775,
    -0.12600123960313264,
    -1.488867448297972,
    0.8188769175313396,
    0.5073727202478256,
    0.4378020006417264,
    0.2959616566918502,
    -0.7337636573335781,
    0.8060992563464094,
    0.5309627746648581,
    -0.34640332285699105,
    0.39949708433713044,
    -0.5017664916378632,
    -0.017819798347089646,
    -0.09264498554603476,
    -0.7779245169604165,
    0.009925474501700665,
    -2.0336978920127712e-17,
    1.5
  ]
}