{
  "feature_names": [
    "step_frac",
    "remaining_frac",
    "is_two_player",
    "is_four_player_plus",
    "is_ahead",
    "is_behind",
    "is_dominating",
    "is_finishing",
    "my_ship_share",
    "my_prod_share",
    "lead_ratio",
    "base_score_norm",
    "base_value_norm",
    "eta_norm",
    "send_norm",
    "source_count_norm",
    "needed_norm",
    "target_prod_norm",
    "target_ships_norm",
    "target_is_neutral",
    "target_is_enemy",
    "target_is_friendly",
    "mission_attack",
    "mission_expand",
    "mission_defend",
    "mission_reinforce",
    "mission_swarm",
    "mission_snipe",
    "mission_comet",
    "mission_other",
    "enemy_priority",
    "committed_load",
    "is_defer"
  ],
  "kind": "linear",
  "temperature": 1.0,
  "weights": [
    5.773159728050815e-17,
    7.638334409420964e-16,
    5.351274978693228e-16,
    1.9095836023552707e-16,
    7.327471962526036e-17,
    1.2656542480726793e-16,
    7.771561172376099e-17,
    0.0,
    4.1078251911130785e-17,
    7.99360577730113e-17,
    1.9650947535865283e-16,
    1.0422397268657781,
    0.25926261903706965,
    -0.1603735365515641,
    -0.5941183950321317,
    -0.04593229260651036,
    -0.592533134998365,
    0.13586310971246282,
    0.1013327482101019,
    0.14975320961214122,
    0.1773118987571787,
    -0.3270651083693208,
    0.3565098230884631,
    0.16309156817302636,
    -0.13253726967275645,
    0.06847054513211971,
    -0.1791979243312831,
    0.0,
    -0.013338358560885194,
    -0.26299838382868385,
    0.027704633892546557,
    0.0,
    4.970682673912284
  ]
}