{
  "feature_names": [
    "step_frac",
    "remaining_frac",
    "is_two_player",
    "is_four_player_plus",
    "is_ahead",
    "is_behind",
    "is_dominating",
    "is_finishing",
    "my_ship_share",
    "my_prod_share",
    "lead_ratio",
    "base_score_norm",
    "base_value_norm",
    "eta_norm",
    "send_norm",
    "source_count_norm",
    "needed_norm",
    "target_prod_norm",
    "target_ships_norm",
    "target_is_neutral",
    "target_is_enemy",
    "target_is_friendly",
    "mission_attack",
    "mission_expand",
    "mission_defend",
    "mission_reinforce",
    "mission_swarm",
    "mission_snipe",
    "mission_comet",
    "mission_other",
    "enemy_priority",
    "committed_load",
    "is_defer"
  ],
  "kind": "linear",
  "temperature": 1.0,
  "weights": [
    0.0,
    1.332267629550188e-17,
    1.332267629550188e-17,
    0.0,
    0.0,
    0.0,
    0.0,
    0.0,
    6.66133814775094e-18,
    6.66133814775094e-18,
    0.0,
    0.067245844058468,
    0.03867724464292058,
    0.022282989190104935,
    -0.0458921538886818,
    3.33066907387547e-18,
    -0.028935211772313705,
    2.220446049250313e-18,
    -0.0863262507742376,
    0.0,
    0.0,
    1.332267629550188e-17,
    0.0,
    0.0,
    -0.12697702557381693,
    0.250300240965585,
    0.0,
    0.0,
    0.0,
    -0.12332321539176805,
    1.332267629550188e-17,
    0.0,
    0.4066286485070741
  ]
}