{
  "feature_names": [
    "step_frac",
    "remaining_frac",
    "is_two_player",
    "is_four_player_plus",
    "is_ahead",
    "is_behind",
    "is_dominating",
    "is_finishing",
    "my_ship_share",
    "my_prod_share",
    "lead_ratio",
    "base_score_norm",
    "base_value_norm",
    "eta_norm",
    "send_norm",
    "source_count_norm",
    "needed_norm",
    "target_prod_norm",
    "target_ships_norm",
    "target_is_neutral",
    "target_is_enemy",
    "target_is_friendly",
    "mission_attack",
    "mission_expand",
    "mission_defend",
    "mission_reinforce",
    "mission_swarm",
    "mission_snipe",
    "mission_comet",
    "mission_other",
    "enemy_priority",
    "committed_load",
    "is_defer"
  ],
  "kind": "linear",
  "temperature": 1.0,
  "weights": [
    -5.662137425588298e-17,
    2.329247905663535e-15,
    1.5698553568199448e-15,
    3.8413716652030445e-16,
    3.730349362740529e-16,
    5.062616992290699e-16,
    4.352074256530617e-16,
    0.0,
    -6.66133814775094e-17,
    -6.106226635438364e-17,
    6.428191312579608e-16,
    8.353627569880553,
    3.2836628108484622,
    -1.2332116620806262,
    -1.053413988423976,
    -0.12226471785307191,
    -1.445502389911755,
    2.319295389246727,
    -0.741350212042331,
    0.4014394114308466,
    0.2781717181893604,
    -0.6796111296202081,
    0.465882611711317,
    0.18516884735136097,
    0.22846735345489452,
    0.6692956738504505,
    -0.4814012873955166,
    0.0,
    -0.03302569541781434,
    -1.0343875035546897,
    -0.08770824254951236,
    0.0,
    -4.516876675944738
  ]
}