{
  "feature_names": [
    "step_frac",
    "remaining_frac",
    "is_two_player",
    "is_four_player_plus",
    "is_ahead",
    "is_behind",
    "is_dominating",
    "is_finishing",
    "my_ship_share",
    "my_prod_share",
    "lead_ratio",
    "base_score_norm",
    "base_value_norm",
    "eta_norm",
    "send_norm",
    "source_count_norm",
    "needed_norm",
    "target_prod_norm",
    "target_ships_norm",
    "target_is_neutral",
    "target_is_enemy",
    "target_is_friendly",
    "mission_attack",
    "mission_expand",
    "mission_defend",
    "mission_reinforce",
    "mission_swarm",
    "mission_snipe",
    "mission_comet",
    "mission_other",
    "enemy_priority",
    "committed_load",
    "is_defer"
  ],
  "kind": "linear",
  "temperature": 1.0,
  "weights": [
    5.551115123125782e-18,
    6.772360450213382e-16,
    4.61852778244065e-16,
    1.509903313490214e-16,
    5.329070518200753e-17,
    1.3988810110276982e-16,
    6.217248937900878e-17,
    0.0,
    -4.9404924595819485e-17,
    -6.106226635438365e-17,
    -4.4408920985006155e-18,
    4.180063887719092,
    1.1756405853497272,
    -0.7897157205142094,
    -1.4444934833480239,
    -0.12512386629417668,
    -1.4852071468021961,
    0.8447973452789053,
    0.5107560679470384,
    0.4307699344544805,
    0.29137099753368445,
    -0.7221409319881665,
    0.783123789874594,
    0.5217644852179224,
    -0.3616227701630586,
    0.4410552918866672,
    -0.49175279234090824,
    0.0,
    -0.09099455076344216,
    -0.8015734537117735,
    0.015257617020103687,
    0.0,
    -3.17115212282662
  ]
}