{
  "feature_names": [
    "step_frac",
    "remaining_frac",
    "is_two_player",
    "is_four_player_plus",
    "is_ahead",
    "is_behind",
    "is_dominating",
    "is_finishing",
    "my_ship_share",
    "my_prod_share",
    "lead_ratio",
    "base_score_norm",
    "base_value_norm",
    "eta_norm",
    "send_norm",
    "source_count_norm",
    "needed_norm",
    "target_prod_norm",
    "target_ships_norm",
    "target_is_neutral",
    "target_is_enemy",
    "target_is_friendly",
    "mission_attack",
    "mission_expand",
    "mission_defend",
    "mission_reinforce",
    "mission_swarm",
    "mission_snipe",
    "mission_comet",
    "mission_other",
    "enemy_priority",
    "committed_load"
  ],
  "temperature": 1.0,
  "weights": [
    -7.878579113066149e-18,
    -8.740605847701166e-16,
    -6.362997300874345e-16,
    -1.7950395606460207e-17,
    0.0,
    -4.700490771941662e-16,
    -2.0397636988344668e-18,
    0.0,
    -5.511130282817605e-17,
    -2.0497812454975307e-17,
    -6.465295901783991e-17,
    0.3341203296976366,
    -0.04320611993410675,
    0.19298319646352335,
    -0.5086358155518722,
    -0.1801705135500932,
    -0.6155179681181908,
    -0.006646725532858229,
    0.4429322799217712,
    0.45500838504234736,
    -0.168391534195809,
    -0.28661685084653826,
    0.27559377277858177,
    0.4201963158648558,
    -0.23018114110343849,
    0.02806256650838383,
    -0.4336079809212261,
    -0.008699214227796192,
    0.034812069177491335,
    -0.08617638807685163,
    -0.0016897919636319,
    -2.3974100966795557e-17
  ]
}