{
  "feature_names": [
    "step_frac",
    "remaining_frac",
    "is_two_player",
    "is_four_player_plus",
    "is_ahead",
    "is_behind",
    "is_dominating",
    "is_finishing",
    "my_ship_share",
    "my_prod_share",
    "lead_ratio",
    "base_score_norm",
    "base_value_norm",
    "eta_norm",
    "send_norm",
    "source_count_norm",
    "needed_norm",
    "target_prod_norm",
    "target_ships_norm",
    "target_is_neutral",
    "target_is_enemy",
    "target_is_friendly",
    "mission_attack",
    "mission_expand",
    "mission_defend",
    "mission_reinforce",
    "mission_swarm",
    "mission_snipe",
    "mission_comet",
    "mission_other",
    "enemy_priority",
    "committed_load",
    "is_defer"
  ],
  "kind": "linear",
  "temperature": 1.0,
  "weights": [
    -7.464082512268399e-18,
    7.258599634548724e-17,
    5.336271184728817e-17,
    1.2878248965297912e-17,
    6.273720905879033e-18,
    2.3113271449508532e-17,
    1.2577554969660863e-18,
    0.0,
    8.147388893715197e-18,
    -4.059052011787194e-18,
    1.3121195403321721e-17,
    0.029695808805412404,
    0.023821182958335466,
    0.08838771464884386,
    -0.03613455495179016,
    -0.0016016978035043395,
    -0.04448806689180583,
    0.021599999424453852,
    -0.006482931297278945,
    -0.025155956108031688,
    -0.001705524534889747,
    0.026861480642921494,
    -0.00387996315350391,
    -0.01846354922923052,
    -0.18306954359944738,
    0.29803129940037604,
    0.017216462139919224,
    0.015779532047644172,
    -0.006692406878801169,
    -0.11892183072695636,
    0.0017302015171797853,
    -4.033861948433795e-18,
    0.15703981273875725
  ]
}