{
  "feature_names": [
    "step_frac",
    "remaining_frac",
    "is_two_player",
    "is_four_player_plus",
    "is_ahead",
    "is_behind",
    "is_dominating",
    "is_finishing",
    "my_ship_share",
    "my_prod_share",
    "lead_ratio",
    "base_score_norm",
    "base_value_norm",
    "eta_norm",
    "send_norm",
    "source_count_norm",
    "needed_norm",
    "target_prod_norm",
    "target_ships_norm",
    "target_is_neutral",
    "target_is_enemy",
    "target_is_friendly",
    "mission_attack",
    "mission_expand",
    "mission_defend",
    "mission_reinforce",
    "mission_swarm",
    "mission_snipe",
    "mission_comet",
    "mission_other",
    "enemy_priority",
    "committed_load"
  ],
  "temperature": 1.0,
  "weights": [
    6.4375968281747506e-18,
    -1.291867692166366e-16,
    -1.291867692166366e-16,
    0.0,
    -2.5289573375044805e-18,
    -7.283791640983478e-17,
    -8.548569592638333e-18,
    0.0,
    5.071647469398928e-18,
    -4.697278600662486e-18,
    -1.2910629851781911e-17,
    -0.1830956323513801,
    -0.059783925622336136,
    0.033420244982871834,
    -0.024354733041422272,
    0.00965571541193075,
    -0.137486364877368,
    0.02054536158978746,
    0.03452599519520114,
    0.09284661894965575,
    -0.22114478600403736,
    0.12829816705438135,
    -0.19650538823143232,
    0.09284661894965575,
    0.10629585486839106,
    -0.12636381271700406,
    -0.04239791575183346,
    0.017758517979228675,
    0.0,
    0.1483661249029945,
    -0.06634343580121109,
    -3.0657688384778204e-18
  ]
}