{
  "feature_names": [
    "step_frac",
    "remaining_frac",
    "is_two_player",
    "is_four_player_plus",
    "is_ahead",
    "is_behind",
    "is_dominating",
    "is_finishing",
    "my_ship_share",
    "my_prod_share",
    "lead_ratio",
    "base_score_norm",
    "base_value_norm",
    "eta_norm",
    "send_norm",
    "source_count_norm",
    "needed_norm",
    "target_prod_norm",
    "target_ships_norm",
    "target_is_neutral",
    "target_is_enemy",
    "target_is_friendly",
    "mission_attack",
    "mission_expand",
    "mission_defend",
    "mission_reinforce",
    "mission_swarm",
    "mission_snipe",
    "mission_comet",
    "mission_other",
    "enemy_priority",
    "committed_load"
  ],
  "temperature": 1.0,
  "weights": [
    2.3934058938036586e-18,
    0.0,
    0.0,
    0.0,
    0.0,
    0.0,
    0.0,
    0.0,
    2.3934058938036586e-18,
    -2.9917573672545726e-18,
    -4.7868117876073165e-18,
    0.0595201274926435,
    0.021152179094631483,
    0.054018447310748625,
    0.07357333604987858,
    0.004382153161834039,
    0.057283980918220755,
    0.031833808386172426,
    -0.01769414639781246,
    0.0,
    0.11156204857682321,
    -0.11156204857682323,
    0.07786502309226634,
    0.0,
    -0.014679892290302027,
    0.01675868822651611,
    0.03369702548455692,
    0.0,
    0.0,
    -0.1136408445130373,
    0.033468614573046965,
    0.0
  ]
}