{
  "feature_names": [
    "step_frac",
    "remaining_frac",
    "is_two_player",
    "is_four_player_plus",
    "is_ahead",
    "is_behind",
    "is_dominating",
    "is_finishing",
    "my_ship_share",
    "my_prod_share",
    "lead_ratio",
    "base_score_norm",
    "base_value_norm",
    "eta_norm",
    "send_norm",
    "source_count_norm",
    "needed_norm",
    "target_prod_norm",
    "target_ships_norm",
    "target_is_neutral",
    "target_is_enemy",
    "target_is_friendly",
    "mission_attack",
    "mission_expand",
    "mission_defend",
    "mission_reinforce",
    "mission_swarm",
    "mission_snipe",
    "mission_comet",
    "mission_other",
    "enemy_priority",
    "committed_load",
    "is_defer"
  ],
  "kind": "linear",
  "temperature": 1.0,
  "weights": [
    6.838920517119151e-17,
    8.158120609824098e-16,
    5.522006288571007e-16,
    2.1970572996645017e-16,
    8.641908015174218e-17,
    1.503239318031493e-16,
    8.494923201610866e-17,
    0.0,
    4.8564677689995216e-17,
    9.903825851215491e-17,
    2.259981563316835e-16,
    1.0375575359329725,
    0.25667387629156685,
    -0.15884361051530754,
    -0.5919709443927823,
    -0.04557329358568874,
    -0.5920809110328326,
    0.1358583482338524,
    0.10220674745792402,
    0.15705724364843843,
    0.16483985886019414,
    -0.3218971025086331,
    0.3410237586323942,
    0.17035606823892718,
    -0.13245324955176124,
    0.06763259251113146,
    -0.17739652328103125,
    -0.00017946902992775675,
    -0.013298824590488792,
    -0.25568435292924313,
    0.028703369879714898,
    2.432842799599709e-17,
    4.9580479201476
  ]
}