{
  "feature_names": [
    "step_frac",
    "remaining_frac",
    "is_two_player",
    "is_four_player_plus",
    "is_ahead",
    "is_behind",
    "is_dominating",
    "is_finishing",
    "my_ship_share",
    "my_prod_share",
    "lead_ratio",
    "base_score_norm",
    "base_value_norm",
    "eta_norm",
    "send_norm",
    "source_count_norm",
    "needed_norm",
    "target_prod_norm",
    "target_ships_norm",
    "target_is_neutral",
    "target_is_enemy",
    "target_is_friendly",
    "mission_attack",
    "mission_expand",
    "mission_defend",
    "mission_reinforce",
    "mission_swarm",
    "mission_snipe",
    "mission_comet",
    "mission_other",
    "enemy_priority",
    "committed_load"
  ],
  "temperature": 1.0,
  "weights": [
    2.3314683517128286e-17,
    0.0,
    0.0,
    0.0,
    0.0,
    0.0,
    0.0,
    0.0,
    1.9984014443252817e-17,
    2.997602166487923e-17,
    0.0,
    0.01777050678884099,
    -0.016548137540274295,
    0.07975000000000002,
    0.03775178571428571,
    0.005071428571428581,
    0.03009910714285716,
    0.03153214285714286,
    0.040174553571428545,
    -0.014321428571428561,
    0.010178571428571474,
    0.004142857142857174,
    0.024357142857142855,
    -0.014321428571428561,
    0.025714285714285714,
    -0.021571428571428564,
    -0.014178571428571415,
    0.0,
    0.0,
    0.0,
    0.0018321428571429054,
    0.0
  ]
}