{
  "feature_names": [
    "step_frac",
    "remaining_frac",
    "is_two_player",
    "is_four_player_plus",
    "is_ahead",
    "is_behind",
    "is_dominating",
    "is_finishing",
    "my_ship_share",
    "my_prod_share",
    "lead_ratio",
    "base_score_norm",
    "base_value_norm",
    "eta_norm",
    "send_norm",
    "source_count_norm",
    "needed_norm",
    "target_prod_norm",
    "target_ships_norm",
    "target_is_neutral",
    "target_is_enemy",
    "target_is_friendly",
    "mission_attack",
    "mission_expand",
    "mission_defend",
    "mission_reinforce",
    "mission_swarm",
    "mission_snipe",
    "mission_comet",
    "mission_other",
    "enemy_priority",
    "committed_load",
    "is_defer"
  ],
  "kind": "linear",
  "temperature": 1.0,
  "weights": [
    3.040114815769119e-17,
    2.4295870849839603e-15,
    1.643130076445233e-16,
    1.5586281074033028e-15,
    9.237055564881159e-16,
    9.49048581549973e-16,
    8.570921750106081e-16,
    1.376676550535195e-16,
    -3.8310512402659914e-17,
    7.353669354223071e-17,
    1.257918990514084e-15,
    8.607510868320071,
    3.6384430679639026,
    -1.249180893924929,
    -1.198777182355406,
    -0.15979575828126671,
    -0.9745001091107924,
    2.075119308937274,
    0.13805861282715984,
    0.46033325696982486,
    0.2676407167887956,
    -0.7279739737586224,
    0.1807302237109644,
    0.4844134642142364,
    -0.08542320816754964,
    1.0603863602631287,
    -0.41568595223270216,
    0.00039257934343783513,
    3.7747582837255325e-17,
    -1.2248134671315152,
    -0.19435217583101963,
    -1.522788767670114e-19,
    -4.539595679451899
  ]
}