{
  "policy_2p": {
    "feature_names": [
      "step_frac",
      "remaining_frac",
      "is_two_player",
      "is_four_player_plus",
      "is_ahead",
      "is_behind",
      "is_dominating",
      "is_finishing",
      "my_ship_share",
      "my_prod_share",
      "lead_ratio",
      "base_score_norm",
      "base_value_norm",
      "eta_norm",
      "send_norm",
      "source_count_norm",
      "needed_norm",
      "target_prod_norm",
      "target_ships_norm",
      "target_is_neutral",
      "target_is_enemy",
      "target_is_friendly",
      "mission_attack",
      "mission_expand",
      "mission_defend",
      "mission_reinforce",
      "mission_swarm",
      "mission_snipe",
      "mission_comet",
      "mission_other",
      "enemy_priority",
      "committed_load",
      "is_defer"
    ],
    "kind": "linear",
    "temperature": 1.0,
    "weights": [
      4.6413204362868294e-17,
      1.0938297575473686e-15,
      1.0938297575473686e-15,
      0.0,
      1.6209256159527295e-16,
      1.789674260628547e-19,
      1.9761969838327802e-16,
      4.4408920985006255e-18,
      -1.2064161305530816e-17,
      -1.3712442362838944e-17,
      4.469596921422918e-16,
      5.452382442802553,
      1.865097903676523,
      -1.5485504906594234,
      -1.5613425864628965,
      -0.019128215952336318,
      -1.6881001335147168,
      1.1678277695121093,
      0.39519277798382785,
      0.21459035952444205,
      0.4468319261221609,
      -0.6614222856466042,
      0.5237586697637637,
      0.21459035952444205,
      -0.4489962574683108,
      0.4542792634047409,
      -0.07692674364160469,
      0.0,
      0.0,
      -0.6667052915830314,
      0.08042974670198923,
      1.2185115021991013e-19,
      -3.5758139262120365
    ]
  },
  "policy_4p": {
    "feature_names": [
      "step_frac",
      "remaining_frac",
      "is_two_player",
      "is_four_player_plus",
      "is_ahead",
      "is_behind",
      "is_dominating",
      "is_finishing",
      "my_ship_share",
      "my_prod_share",
      "lead_ratio",
      "base_score_norm",
      "base_value_norm",
      "eta_norm",
      "send_norm",
      "source_count_norm",
      "needed_norm",
      "target_prod_norm",
      "target_ships_norm",
      "target_is_neutral",
      "target_is_enemy",
      "target_is_friendly",
      "mission_attack",
      "mission_expand",
      "mission_defend",
      "mission_reinforce",
      "mission_swarm",
      "mission_snipe",
      "mission_comet",
      "mission_other",
      "enemy_priority",
      "committed_load",
      "is_defer"
    ],
    "kind": "linear",
    "temperature": 1.0,
    "weights": [
      4.122548219069998e-17,
      9.890759356503178e-16,
      8.881784197001254e-18,
      6.238503748371065e-16,
      1.8651746813702642e-16,
      5.407332551804998e-16,
      1.5987211554602266e-16,
      0.0,
      -2.585196128190048e-18,
      1.3685118435404879e-17,
      3.579526714788067e-16,
      5.206223550849427,
      2.3922708185374537,
      -1.1611980950406438,
      -1.2946210444360746,
      -0.13019666635865373,
      -1.0286776903881059,
      1.052152587301314,
      0.3468830132859979,
      0.37274471928630376,
      0.5130491797770691,
      -0.8857938990633722,
      0.4193231434203648,
      0.3393589445375409,
      -0.4155586139770886,
      1.2210798609270261,
      -0.43579829212052656,
      0.00045293902366233345,
      -0.0439675807712382,
      -1.0848904010397442,
      -0.19510233680054462,
      -1.6833562883007631e-19,
      -3.6298271735658068
    ]
  },
  "temperature": 1.0,
  "type": "split_reranker"
}