{
  "feature_names": [
    "step_frac",
    "remaining_frac",
    "is_two_player",
    "is_four_player_plus",
    "is_ahead",
    "is_behind",
    "is_dominating",
    "is_finishing",
    "my_ship_share",
    "my_prod_share",
    "lead_ratio",
    "base_score_norm",
    "base_value_norm",
    "eta_norm",
    "send_norm",
    "source_count_norm",
    "needed_norm",
    "target_prod_norm",
    "target_ships_norm",
    "target_is_neutral",
    "target_is_enemy",
    "target_is_friendly",
    "mission_attack",
    "mission_expand",
    "mission_defend",
    "mission_reinforce",
    "mission_swarm",
    "mission_snipe",
    "mission_comet",
    "mission_other",
    "enemy_priority",
    "committed_load",
    "is_defer"
  ],
  "kind": "linear",
  "temperature": 1.0,
  "weights": [
    4.6413204362868294e-17,
    1.0938297575473686e-15,
    1.0938297575473686e-15,
    0.0,
    1.6209256159527295e-16,
    1.789674260628547e-19,
    1.9761969838327802e-16,
    4.4408920985006255e-18,
    -1.2064161305530816e-17,
    -1.3712442362838944e-17,
    4.469596921422918e-16,
    5.452382442802553,
    1.865097903676523,
    -1.5485504906594234,
    -1.5613425864628965,
    -0.019128215952336318,
    -1.6881001335147168,
    1.1678277695121093,
    0.39519277798382785,
    0.21459035952444205,
    0.4468319261221609,
    -0.6614222856466042,
    0.5237586697637637,
    0.21459035952444205,
    -0.4489962574683108,
    0.4542792634047409,
    -0.07692674364160469,
    0.0,
    0.0,
    -0.6667052915830314,
    0.08042974670198923,
    1.2185115021991013e-19,
    -3.5758139262120365
  ]
}