{
  "feature_names": [
    "step_frac",
    "remaining_frac",
    "is_two_player",
    "is_four_player_plus",
    "is_ahead",
    "is_behind",
    "is_dominating",
    "is_finishing",
    "my_ship_share",
    "my_prod_share",
    "lead_ratio",
    "base_score_norm",
    "base_value_norm",
    "eta_norm",
    "send_norm",
    "source_count_norm",
    "needed_norm",
    "target_prod_norm",
    "target_ships_norm",
    "target_is_neutral",
    "target_is_enemy",
    "target_is_friendly",
    "mission_attack",
    "mission_expand",
    "mission_defend",
    "mission_reinforce",
    "mission_swarm",
    "mission_snipe",
    "mission_comet",
    "mission_other",
    "enemy_priority",
    "committed_load"
  ],
  "temperature": 1.0,
  "weights": [
    -9.050749228305497e-19,
    -1.2324219173051815e-18,
    -1.2324219173051815e-18,
    0.0,
    -1.2324219173051815e-18,
    0.0,
    -1.2324219173051815e-18,
    0.0,
    -3.4112658453113392e-18,
    4.523288557088443e-18,
    -1.2324219173051815e-18,
    0.007884863909648633,
    0.00016954656328619375,
    -0.012263293184939641,
    -0.012946794589402531,
    -3.0810547932629537e-19,
    0.006677338480922404,
    0.022054166138645956,
    0.012320738367273794,
    -0.00021354303167917706,
    0.0,
    0.00021354303167917581,
    0.0,
    -0.00021354303167917706,
    0.0,
    -0.0003902586115052274,
    0.0,
    0.0,
    0.0,
    0.0006038016431844033,
    -1.2324219173051815e-18,
    1.6805672704371831e-18
  ]
}