{
  "weights": [
    2.1883229560999053,
    1.9798400954611866,
    -2.4205476532912917,
    1.3662461047966357,
    1.7851894004041688,
    0.19030129669093415
  ],
  "bias": -2.4527533767187557
}